exposure,outcome,analysis,beta,se,p_value,n,beta_primary,pct_change,direction_match
log_LBXBGM,LBXSAPSI,24h dietary recall fish (grams),-2.842092994814805,0.322245074282181,1.179788930739999e-4,4834,-2.84151058542693,-0.02049647081597228,TRUE
log_LBXTHG,log_LBXSAPSI,24h dietary recall fish (grams),-0.03688371582205696,0.00499938507598672,3.179985517129642e-4,4833,-0.0368869769949993,0.008840987275212537,TRUE
log_LBXBGM,BMXWAIST,24h dietary recall fish (grams),-1.7959904933309656,0.2778667372553821,3.4582831812058766e-4,4693,-1.78258170566132,-0.7522116729382157,TRUE
